geoid,geoname,precio,fecha
8741,Península,166.77125,2021-06-01
8742,Canarias,166.77125,2021-06-01
8743,Baleares,166.77125,2021-06-01
8744,Ceuta,166.77833333333334,2021-06-01
8745,Melilla,166.77833333333334,2021-06-01
8741,Península,164.775,2021-06-02
8742,Canarias,164.775,2021-06-02
8743,Baleares,164.775,2021-06-02
8744,Ceuta,164.77875,2021-06-02
8745,Melilla,164.77875,2021-06-02
8741,Península,159.23,2021-06-03
8742,Canarias,159.23,2021-06-03
8743,Baleares,159.23,2021-06-03
8744,Ceuta,159.23375,2021-06-03
8745,Melilla,159.23375,2021-06-03
8741,Península,160.55458333333334,2021-06-04
8742,Canarias,160.55458333333334,2021-06-04
8743,Baleares,160.55458333333334,2021-06-04
8744,Ceuta,160.56041666666667,2021-06-04
8745,Melilla,160.56041666666667,2021-06-04
8741,Península,101.65,2021-06-05
8742,Canarias,101.65,2021-06-05
8743,Baleares,101.65,2021-06-05
8744,Ceuta,101.65,2021-06-05
8745,Melilla,101.65,2021-06-05
8741,Península,96.00458333333333,2021-06-06
8742,Canarias,96.00458333333333,2021-06-06
8743,Baleares,96.00458333333333,2021-06-06
8744,Ceuta,96.00458333333333,2021-06-06
8745,Melilla,96.00458333333333,2021-06-06
8741,Península,160.11875,2021-06-07
8742,Canarias,160.11875,2021-06-07
8743,Baleares,160.11875,2021-06-07
8744,Ceuta,160.125,2021-06-07
8745,Melilla,160.125,2021-06-07
8741,Península,161.87125,2021-06-08
8742,Canarias,161.87125,2021-06-08
8743,Baleares,161.87125,2021-06-08
8744,Ceuta,161.87791666666666,2021-06-08
8745,Melilla,161.87791666666666,2021-06-08
8741,Península,161.17291666666668,2021-06-09
8742,Canarias,161.17291666666668,2021-06-09
8743,Baleares,161.17291666666668,2021-06-09
8744,Ceuta,161.17625,2021-06-09
8745,Melilla,161.17625,2021-06-09
8741,Península,162.5275,2021-06-10
8742,Canarias,162.5275,2021-06-10
8743,Baleares,162.5275,2021-06-10
8744,Ceuta,162.53083333333333,2021-06-10
8745,Melilla,162.53083333333333,2021-06-10
8741,Península,161.78958333333333,2021-06-11
8742,Canarias,161.78958333333333,2021-06-11
8743,Baleares,161.78958333333333,2021-06-11
8744,Ceuta,161.7975,2021-06-11
8745,Melilla,161.7975,2021-06-11
8741,Península,102.72666666666667,2021-06-12
8742,Canarias,102.72666666666667,2021-06-12
8743,Baleares,102.72666666666667,2021-06-12
8744,Ceuta,102.72666666666667,2021-06-12
8745,Melilla,102.72666666666667,2021-06-12
8741,Península,106.36291666666666,2021-06-13
8742,Canarias,106.36291666666666,2021-06-13
8743,Baleares,106.36291666666666,2021-06-13
8744,Ceuta,106.36291666666666,2021-06-13
8745,Melilla,106.36291666666666,2021-06-13
8741,Península,169.02833333333334,2021-06-14
8742,Canarias,169.02833333333334,2021-06-14
8743,Baleares,169.02833333333334,2021-06-14
8744,Ceuta,169.03583333333333,2021-06-14
8745,Melilla,169.03583333333333,2021-06-14
8741,Península,171.17,2021-06-15
8742,Canarias,171.17,2021-06-15
8743,Baleares,171.17,2021-06-15
8744,Ceuta,171.1775,2021-06-15
8745,Melilla,171.1775,2021-06-15
8741,Península,175.74,2021-06-16
8742,Canarias,175.74,2021-06-16
8743,Baleares,175.74,2021-06-16
8744,Ceuta,175.74291666666667,2021-06-16
8745,Melilla,175.74291666666667,2021-06-16
8741,Península,173.12833333333333,2021-06-17
8742,Canarias,173.12833333333333,2021-06-17
8743,Baleares,173.12833333333333,2021-06-17
8744,Ceuta,173.13041666666666,2021-06-17
8745,Melilla,173.13041666666666,2021-06-17
8741,Península,172.395,2021-06-18
8742,Canarias,172.395,2021-06-18
8743,Baleares,172.395,2021-06-18
8744,Ceuta,172.40166666666667,2021-06-18
8745,Melilla,172.40166666666667,2021-06-18
8741,Península,112.95333333333333,2021-06-19
8742,Canarias,112.95333333333333,2021-06-19
8743,Baleares,112.95333333333333,2021-06-19
8744,Ceuta,112.95333333333333,2021-06-19
8745,Melilla,112.95333333333333,2021-06-19
8741,Península,76.9,2021-06-20
8742,Canarias,76.9,2021-06-20
8743,Baleares,76.9,2021-06-20
8744,Ceuta,76.9,2021-06-20
8745,Melilla,76.9,2021-06-20
8741,Península,163.2025,2021-06-21
8742,Canarias,163.2025,2021-06-21
8743,Baleares,163.2025,2021-06-21
8744,Ceuta,163.21,2021-06-21
8745,Melilla,163.21,2021-06-21
8741,Península,169.44208333333333,2021-06-22
8742,Canarias,169.44208333333333,2021-06-22
8743,Baleares,169.44208333333333,2021-06-22
8744,Ceuta,169.44875,2021-06-22
8745,Melilla,169.44875,2021-06-22
8741,Península,171.07416666666666,2021-06-23
8742,Canarias,171.07416666666666,2021-06-23
8743,Baleares,171.07416666666666,2021-06-23
8744,Ceuta,171.07625,2021-06-23
8745,Melilla,171.07625,2021-06-23
8741,Península,166.02875,2021-06-24
8742,Canarias,166.02875,2021-06-24
8743,Baleares,166.02875,2021-06-24
8744,Ceuta,166.03291666666667,2021-06-24
8745,Melilla,166.03291666666667,2021-06-24
8741,Península,166.97833333333332,2021-06-25
8742,Canarias,166.97833333333332,2021-06-25
8743,Baleares,166.97833333333332,2021-06-25
8744,Ceuta,166.985,2021-06-25
8745,Melilla,166.985,2021-06-25
8741,Península,110.19625,2021-06-26
8742,Canarias,110.19625,2021-06-26
8743,Baleares,110.19625,2021-06-26
8744,Ceuta,110.19625,2021-06-26
8745,Melilla,110.19625,2021-06-26
8741,Península,92.1575,2021-06-27
8742,Canarias,92.1575,2021-06-27
8743,Baleares,92.1575,2021-06-27
8744,Ceuta,92.1575,2021-06-27
8745,Melilla,92.1575,2021-06-27
8741,Península,168.15541666666667,2021-06-28
8742,Canarias,168.15541666666667,2021-06-28
8743,Baleares,168.15541666666667,2021-06-28
8744,Ceuta,168.16375,2021-06-28
8745,Melilla,168.16375,2021-06-28
8741,Península,174.385,2021-06-29
8742,Canarias,174.385,2021-06-29
8743,Baleares,174.385,2021-06-29
8744,Ceuta,174.39125,2021-06-29
8745,Melilla,174.39125,2021-06-29
8741,Península,174.5,2021-06-30
8742,Canarias,174.5,2021-06-30
8743,Baleares,174.5,2021-06-30
8744,Ceuta,174.5025,2021-06-30
8745,Melilla,174.5025,2021-06-30
8741,Península,172.695,2021-07-01
8742,Canarias,172.695,2021-07-01
8743,Baleares,172.695,2021-07-01
8744,Ceuta,172.69583333333333,2021-07-01
8745,Melilla,172.69583333333333,2021-07-01
8741,Península,181.40958333333333,2021-07-02
8742,Canarias,181.40958333333333,2021-07-02
8743,Baleares,181.40958333333333,2021-07-02
8744,Ceuta,181.41583333333332,2021-07-02
8745,Melilla,181.41583333333332,2021-07-02
8741,Península,121.7525,2021-07-03
8742,Canarias,121.7525,2021-07-03
8743,Baleares,121.7525,2021-07-03
8744,Ceuta,121.7525,2021-07-03
8745,Melilla,121.7525,2021-07-03
8741,Península,106.3125,2021-07-04
8742,Canarias,106.3125,2021-07-04
8743,Baleares,106.3125,2021-07-04
8744,Ceuta,106.3125,2021-07-04
8745,Melilla,106.3125,2021-07-04
8741,Península,174.92125,2021-07-05
8742,Canarias,174.92125,2021-07-05
8743,Baleares,174.92125,2021-07-05
8744,Ceuta,174.92916666666667,2021-07-05
8745,Melilla,174.92916666666667,2021-07-05
8741,Península,174.37875,2021-07-06
8742,Canarias,174.37875,2021-07-06
8743,Baleares,174.37875,2021-07-06
8744,Ceuta,174.38583333333332,2021-07-06
8745,Melilla,174.38583333333332,2021-07-06
8741,Península,179.93083333333334,2021-07-07
8742,Canarias,179.93083333333334,2021-07-07
8743,Baleares,179.93083333333334,2021-07-07
8744,Ceuta,179.9375,2021-07-07
8745,Melilla,179.9375,2021-07-07
8741,Península,174.03666666666666,2021-07-08
8742,Canarias,174.03666666666666,2021-07-08
8743,Baleares,174.03666666666666,2021-07-08
8744,Ceuta,174.03833333333333,2021-07-08
8745,Melilla,174.03833333333333,2021-07-08
8741,Península,173.52958333333333,2021-07-09
8742,Canarias,173.52958333333333,2021-07-09
8743,Baleares,173.52958333333333,2021-07-09
8744,Ceuta,173.53541666666666,2021-07-09
8745,Melilla,173.53541666666666,2021-07-09
8741,Península,116.88375,2021-07-10
8742,Canarias,116.88375,2021-07-10
8743,Baleares,116.88375,2021-07-10
8744,Ceuta,116.88375,2021-07-10
8745,Melilla,116.88375,2021-07-10
8741,Península,118.6475,2021-07-11
8742,Canarias,118.6475,2021-07-11
8743,Baleares,118.6475,2021-07-11
8744,Ceuta,118.6475,2021-07-11
8745,Melilla,118.6475,2021-07-11
8741,Península,167.67166666666665,2021-07-12
8742,Canarias,167.67166666666665,2021-07-12
8743,Baleares,167.67166666666665,2021-07-12
8744,Ceuta,167.68,2021-07-12
8745,Melilla,167.68,2021-07-12
8741,Península,175.26291666666665,2021-07-13
8742,Canarias,175.26291666666665,2021-07-13
8743,Baleares,175.26291666666665,2021-07-13
8744,Ceuta,175.26916666666668,2021-07-13
8745,Melilla,175.26916666666668,2021-07-13
8741,Península,163.97958333333332,2021-07-14
8742,Canarias,163.97958333333332,2021-07-14
8743,Baleares,163.97958333333332,2021-07-14
8744,Ceuta,163.98541666666668,2021-07-14
8745,Melilla,163.98541666666668,2021-07-14
8741,Península,166.95916666666668,2021-07-15
8742,Canarias,166.95916666666668,2021-07-15
8743,Baleares,166.95916666666668,2021-07-15
8744,Ceuta,166.96291666666667,2021-07-15
8745,Melilla,166.96291666666667,2021-07-15
8741,Península,167.10666666666665,2021-07-16
8742,Canarias,167.10666666666665,2021-07-16
8743,Baleares,167.10666666666665,2021-07-16
8744,Ceuta,167.11291666666668,2021-07-16
8745,Melilla,167.11291666666668,2021-07-16
8741,Península,117.78125,2021-07-17
8742,Canarias,117.78125,2021-07-17
8743,Baleares,117.78125,2021-07-17
8744,Ceuta,117.78125,2021-07-17
8745,Melilla,117.78125,2021-07-17
8741,Península,100.60958333333333,2021-07-18
8742,Canarias,100.60958333333333,2021-07-18
8743,Baleares,100.60958333333333,2021-07-18
8744,Ceuta,100.60958333333333,2021-07-18
8745,Melilla,100.60958333333333,2021-07-18
8741,Península,180.61958333333334,2021-07-19
8742,Canarias,180.61958333333334,2021-07-19
8743,Baleares,180.61958333333334,2021-07-19
8744,Ceuta,180.62666666666667,2021-07-19
8745,Melilla,180.62666666666667,2021-07-19
8741,Península,182.93166666666667,2021-07-20
8742,Canarias,182.93166666666667,2021-07-20
8743,Baleares,182.93166666666667,2021-07-20
8744,Ceuta,182.93958333333333,2021-07-20
8745,Melilla,182.93958333333333,2021-07-20
8741,Península,188.24875,2021-07-21
8742,Canarias,188.24875,2021-07-21
8743,Baleares,188.24875,2021-07-21
8744,Ceuta,188.25583333333333,2021-07-21
8745,Melilla,188.25583333333333,2021-07-21
8741,Península,183.16833333333332,2021-07-22
8742,Canarias,183.16833333333332,2021-07-22
8743,Baleares,183.16833333333332,2021-07-22
8744,Ceuta,183.17125,2021-07-22
8745,Melilla,183.17125,2021-07-22
8741,Península,177.12541666666667,2021-07-23
8742,Canarias,177.12541666666667,2021-07-23
8743,Baleares,177.12541666666667,2021-07-23
8744,Ceuta,177.1325,2021-07-23
8745,Melilla,177.1325,2021-07-23
8741,Península,119.2325,2021-07-24
8742,Canarias,119.2325,2021-07-24
8743,Baleares,119.2325,2021-07-24
8744,Ceuta,119.2325,2021-07-24
8745,Melilla,119.2325,2021-07-24
8741,Península,121.2725,2021-07-25
8742,Canarias,121.2725,2021-07-25
8743,Baleares,121.2725,2021-07-25
8744,Ceuta,121.2725,2021-07-25
8745,Melilla,121.2725,2021-07-25
8741,Península,181.50666666666666,2021-07-26
8742,Canarias,181.50666666666666,2021-07-26
8743,Baleares,181.50666666666666,2021-07-26
8744,Ceuta,181.515,2021-07-26
8745,Melilla,181.515,2021-07-26
8741,Península,180.81416666666667,2021-07-27
8742,Canarias,180.81416666666667,2021-07-27
8743,Baleares,180.81416666666667,2021-07-27
8744,Ceuta,180.82083333333333,2021-07-27
8745,Melilla,180.82083333333333,2021-07-27
8741,Península,176.9625,2021-07-28
8742,Canarias,176.9625,2021-07-28
8743,Baleares,176.9625,2021-07-28
8744,Ceuta,176.96916666666667,2021-07-28
8745,Melilla,176.96916666666667,2021-07-28
8741,Península,180.55,2021-07-29
8742,Canarias,180.55,2021-07-29
8743,Baleares,180.55,2021-07-29
8744,Ceuta,180.55375,2021-07-29
8745,Melilla,180.55375,2021-07-29
8741,Península,177.08416666666668,2021-07-30
8742,Canarias,177.08416666666668,2021-07-30
8743,Baleares,177.08416666666668,2021-07-30
8744,Ceuta,177.095,2021-07-30
8745,Melilla,177.095,2021-07-30
8741,Península,86.80875,2021-07-31
8742,Canarias,86.80875,2021-07-31
8743,Baleares,86.80875,2021-07-31
8744,Ceuta,86.80875,2021-07-31
8745,Melilla,86.80875,2021-07-31
8741,Península,105.03875,2021-08-01
8742,Canarias,105.03875,2021-08-01
8743,Baleares,105.03875,2021-08-01
8744,Ceuta,105.03875,2021-08-01
8745,Melilla,105.03875,2021-08-01
8741,Península,187.53041666666667,2021-08-02
8742,Canarias,187.53041666666667,2021-08-02
8743,Baleares,187.53041666666667,2021-08-02
8744,Ceuta,187.53666666666666,2021-08-02
8745,Melilla,187.53666666666666,2021-08-02
8741,Península,189.78375,2021-08-03
8742,Canarias,189.78375,2021-08-03
8743,Baleares,189.78375,2021-08-03
8744,Ceuta,189.78666666666666,2021-08-03
8745,Melilla,189.78666666666666,2021-08-03
8741,Península,188.56875,2021-08-04
8742,Canarias,188.56875,2021-08-04
8743,Baleares,188.56875,2021-08-04
8744,Ceuta,188.57166666666666,2021-08-04
8745,Melilla,188.57166666666666,2021-08-04
8741,Península,185.06583333333333,2021-08-05
8742,Canarias,185.06583333333333,2021-08-05
8743,Baleares,185.06583333333333,2021-08-05
8744,Ceuta,185.06875,2021-08-05
8745,Melilla,185.06875,2021-08-05
8741,Península,180.9425,2021-08-06
8742,Canarias,180.9425,2021-08-06
8743,Baleares,180.9425,2021-08-06
8744,Ceuta,180.94875,2021-08-06
8745,Melilla,180.94875,2021-08-06
8741,Península,93.50375,2021-08-07
8742,Canarias,93.50375,2021-08-07
8743,Baleares,93.50375,2021-08-07
8744,Ceuta,93.50375,2021-08-07
8745,Melilla,93.50375,2021-08-07
8741,Península,116.40375,2021-08-08
8742,Canarias,116.40375,2021-08-08
8743,Baleares,116.40375,2021-08-08
8744,Ceuta,116.40375,2021-08-08
8745,Melilla,116.40375,2021-08-08
8741,Península,191.70916666666668,2021-08-09
8742,Canarias,191.70916666666668,2021-08-09
8743,Baleares,191.70916666666668,2021-08-09
8744,Ceuta,191.71583333333334,2021-08-09
8745,Melilla,191.71583333333334,2021-08-09
8741,Península,196.36458333333334,2021-08-10
8742,Canarias,196.36458333333334,2021-08-10
8743,Baleares,196.36458333333334,2021-08-10
8744,Ceuta,196.36708333333334,2021-08-10
8745,Melilla,196.36708333333334,2021-08-10
8741,Península,198.8725,2021-08-11
8742,Canarias,198.8725,2021-08-11
8743,Baleares,198.8725,2021-08-11
8744,Ceuta,198.875,2021-08-11
8745,Melilla,198.875,2021-08-11
8741,Península,201.48125,2021-08-12
8742,Canarias,201.48125,2021-08-12
8743,Baleares,201.48125,2021-08-12
8744,Ceuta,201.48375,2021-08-12
8745,Melilla,201.48375,2021-08-12
8741,Península,203.8675,2021-08-13
8742,Canarias,203.8675,2021-08-13
8743,Baleares,203.8675,2021-08-13
8744,Ceuta,203.87083333333334,2021-08-13
8745,Melilla,203.87083333333334,2021-08-13
8741,Península,145.90666666666667,2021-08-14
8742,Canarias,145.90666666666667,2021-08-14
8743,Baleares,145.90666666666667,2021-08-14
8744,Ceuta,145.90666666666667,2021-08-14
8745,Melilla,145.90666666666667,2021-08-14
8741,Península,141.56875,2021-08-15
8742,Canarias,141.56875,2021-08-15
8743,Baleares,141.56875,2021-08-15
8744,Ceuta,141.56875,2021-08-15
8745,Melilla,141.56875,2021-08-15
8741,Península,176.37791666666666,2021-08-16
8742,Canarias,176.37791666666666,2021-08-16
8743,Baleares,176.37791666666666,2021-08-16
8744,Ceuta,176.38791666666665,2021-08-16
8745,Melilla,176.38791666666665,2021-08-16
8741,Península,177.65708333333333,2021-08-17
8742,Canarias,177.65708333333333,2021-08-17
8743,Baleares,177.65708333333333,2021-08-17
8744,Ceuta,177.66458333333333,2021-08-17
8745,Melilla,177.66458333333333,2021-08-17
8741,Península,195.05458333333334,2021-08-18
8742,Canarias,195.05458333333334,2021-08-18
8743,Baleares,195.05458333333334,2021-08-18
8744,Ceuta,195.06166666666667,2021-08-18
8745,Melilla,195.06166666666667,2021-08-18
8741,Península,200.4425,2021-08-19
8742,Canarias,200.4425,2021-08-19
8743,Baleares,200.4425,2021-08-19
8744,Ceuta,200.4475,2021-08-19
8745,Melilla,200.4475,2021-08-19
8741,Península,202.90833333333333,2021-08-20
8742,Canarias,202.90833333333333,2021-08-20
8743,Baleares,202.90833333333333,2021-08-20
8744,Ceuta,202.91083333333333,2021-08-20
8745,Melilla,202.91083333333333,2021-08-20
8741,Península,140.77958333333333,2021-08-21
8742,Canarias,140.77958333333333,2021-08-21
8743,Baleares,140.77958333333333,2021-08-21
8744,Ceuta,140.77958333333333,2021-08-21
8745,Melilla,140.77958333333333,2021-08-21
8741,Península,131.74583333333334,2021-08-22
8742,Canarias,131.74583333333334,2021-08-22
8743,Baleares,131.74583333333334,2021-08-22
8744,Ceuta,131.74583333333334,2021-08-22
8745,Melilla,131.74583333333334,2021-08-22
8741,Península,185.0825,2021-08-23
8742,Canarias,185.0825,2021-08-23
8743,Baleares,185.0825,2021-08-23
8744,Ceuta,185.08833333333334,2021-08-23
8745,Melilla,185.08833333333334,2021-08-23
8741,Península,186.64333333333335,2021-08-24
8742,Canarias,186.64333333333335,2021-08-24
8743,Baleares,186.64333333333335,2021-08-24
8744,Ceuta,186.6475,2021-08-24
8745,Melilla,186.6475,2021-08-24
8741,Península,201.79083333333332,2021-08-25
8742,Canarias,201.79083333333332,2021-08-25
8743,Baleares,201.79083333333332,2021-08-25
8744,Ceuta,201.79333333333332,2021-08-25
8745,Melilla,201.79333333333332,2021-08-25
8741,Península,208.6325,2021-08-26
8742,Canarias,208.6325,2021-08-26
8743,Baleares,208.6325,2021-08-26
8744,Ceuta,208.63625,2021-08-26
8745,Melilla,208.63625,2021-08-26
8741,Península,204.8,2021-08-27
8742,Canarias,204.8,2021-08-27
8743,Baleares,204.8,2021-08-27
8744,Ceuta,204.80416666666667,2021-08-27
8745,Melilla,204.80416666666667,2021-08-27
8741,Península,142.09833333333333,2021-08-28
8742,Canarias,142.09833333333333,2021-08-28
8743,Baleares,142.09833333333333,2021-08-28
8744,Ceuta,142.09833333333333,2021-08-28
8745,Melilla,142.09833333333333,2021-08-28
8741,Península,134.6925,2021-08-29
8742,Canarias,134.6925,2021-08-29
8743,Baleares,134.6925,2021-08-29
8744,Ceuta,134.6925,2021-08-29
8745,Melilla,134.6925,2021-08-29
8741,Península,210.975,2021-08-30
8742,Canarias,210.975,2021-08-30
8743,Baleares,210.975,2021-08-30
8744,Ceuta,210.98208333333332,2021-08-30
8745,Melilla,210.98208333333332,2021-08-30
8741,Península,217.68666666666667,2021-08-31
8742,Canarias,217.68666666666667,2021-08-31
8743,Baleares,217.68666666666667,2021-08-31
8744,Ceuta,217.68916666666667,2021-08-31
8745,Melilla,217.68916666666667,2021-08-31
8741,Península,219.30458333333334,2021-09-01
8742,Canarias,219.30458333333334,2021-09-01
8743,Baleares,219.30458333333334,2021-09-01
8744,Ceuta,219.31833333333333,2021-09-01
8745,Melilla,219.31833333333333,2021-09-01
8741,Península,228.24125,2021-09-02
8742,Canarias,228.24125,2021-09-02
8743,Baleares,228.24125,2021-09-02
8744,Ceuta,228.25041666666667,2021-09-02
8745,Melilla,228.25041666666667,2021-09-02
8741,Península,225.66333333333333,2021-09-03
8742,Canarias,225.66333333333333,2021-09-03
8743,Baleares,225.66333333333333,2021-09-03
8744,Ceuta,225.665,2021-09-03
8745,Melilla,225.665,2021-09-03
8741,Península,169.325,2021-09-04
8742,Canarias,169.325,2021-09-04
8743,Baleares,169.325,2021-09-04
8744,Ceuta,169.325,2021-09-04
8745,Melilla,169.325,2021-09-04
8741,Península,164.44666666666666,2021-09-05
8742,Canarias,164.44666666666666,2021-09-05
8743,Baleares,164.44666666666666,2021-09-05
8744,Ceuta,164.44666666666666,2021-09-05
8745,Melilla,164.44666666666666,2021-09-05
8741,Península,221.03083333333333,2021-09-06
8742,Canarias,221.03083333333333,2021-09-06
8743,Baleares,221.03083333333333,2021-09-06
8744,Ceuta,221.02375,2021-09-06
8745,Melilla,221.02375,2021-09-06
8741,Península,214.53125,2021-09-07
8742,Canarias,214.53125,2021-09-07
8743,Baleares,214.53125,2021-09-07
8744,Ceuta,214.53166666666667,2021-09-07
8745,Melilla,214.53166666666667,2021-09-07
8741,Península,222.90208333333334,2021-09-08
8742,Canarias,222.90208333333334,2021-09-08
8743,Baleares,222.90208333333334,2021-09-08
8744,Ceuta,222.91333333333333,2021-09-08
8745,Melilla,222.91333333333333,2021-09-08
8741,Península,230.01375,2021-09-09
8742,Canarias,230.01375,2021-09-09
8743,Baleares,230.01375,2021-09-09
8744,Ceuta,230.02208333333334,2021-09-09
8745,Melilla,230.02208333333334,2021-09-09
8741,Península,242.86291666666668,2021-09-10
8742,Canarias,242.86291666666668,2021-09-10
8743,Baleares,242.86291666666668,2021-09-10
8744,Ceuta,242.86541666666668,2021-09-10
8745,Melilla,242.86541666666668,2021-09-10
8741,Península,186.98583333333335,2021-09-11
8742,Canarias,186.98583333333335,2021-09-11
8743,Baleares,186.98583333333335,2021-09-11
8744,Ceuta,186.98583333333335,2021-09-11
8745,Melilla,186.98583333333335,2021-09-11
8741,Península,181.34083333333334,2021-09-12
8742,Canarias,181.34083333333334,2021-09-12
8743,Baleares,181.34083333333334,2021-09-12
8744,Ceuta,181.34083333333334,2021-09-12
8745,Melilla,181.34083333333334,2021-09-12
8741,Península,246.04041666666666,2021-09-13
8742,Canarias,246.04041666666666,2021-09-13
8743,Baleares,246.04041666666666,2021-09-13
8744,Ceuta,246.03458333333333,2021-09-13
8745,Melilla,246.03458333333333,2021-09-13
8741,Península,243.42166666666665,2021-09-14
8742,Canarias,243.42166666666665,2021-09-14
8743,Baleares,243.42166666666665,2021-09-14
8744,Ceuta,243.4225,2021-09-14
8745,Melilla,243.4225,2021-09-14
8741,Península,266.5,2021-09-15
8742,Canarias,266.5,2021-09-15
8743,Baleares,266.5,2021-09-15
8744,Ceuta,266.5154166666667,2021-09-15
8745,Melilla,266.5154166666667,2021-09-15
8741,Península,242.285,2021-09-16
8742,Canarias,242.285,2021-09-16
8743,Baleares,242.285,2021-09-16
8744,Ceuta,242.29625,2021-09-16
8745,Melilla,242.29625,2021-09-16
8741,Península,218.42458333333335,2021-09-17
8742,Canarias,218.42458333333335,2021-09-17
8743,Baleares,218.42458333333335,2021-09-17
8744,Ceuta,218.42083333333332,2021-09-17
8745,Melilla,218.42083333333332,2021-09-17
8741,Península,195.81291666666667,2021-09-18
8742,Canarias,195.81291666666667,2021-09-18
8743,Baleares,195.81291666666667,2021-09-18
8744,Ceuta,195.81291666666667,2021-09-18
8745,Melilla,195.81291666666667,2021-09-18
8741,Península,183.34041666666667,2021-09-19
8742,Canarias,183.34041666666667,2021-09-19
8743,Baleares,183.34041666666667,2021-09-19
8744,Ceuta,183.34041666666667,2021-09-19
8745,Melilla,183.34041666666667,2021-09-19
8741,Península,209.83666666666667,2021-09-20
8742,Canarias,209.83666666666667,2021-09-20
8743,Baleares,209.83666666666667,2021-09-20
8744,Ceuta,209.82875,2021-09-20
8745,Melilla,209.82875,2021-09-20
8741,Península,201.23791666666668,2021-09-21
8742,Canarias,201.23791666666668,2021-09-21
8743,Baleares,201.23791666666668,2021-09-21
8744,Ceuta,201.23625,2021-09-21
8745,Melilla,201.23625,2021-09-21
8741,Península,227.80791666666667,2021-09-22
8742,Canarias,227.80791666666667,2021-09-22
8743,Baleares,227.80791666666667,2021-09-22
8744,Ceuta,227.82458333333332,2021-09-22
8745,Melilla,227.82458333333332,2021-09-22
8741,Península,216.33666666666667,2021-09-23
8742,Canarias,216.33666666666667,2021-09-23
8743,Baleares,216.33666666666667,2021-09-23
8744,Ceuta,216.34708333333333,2021-09-23
8745,Melilla,216.34708333333333,2021-09-23
8741,Península,224.95791666666668,2021-09-24
8742,Canarias,224.95791666666668,2021-09-24
8743,Baleares,224.95791666666668,2021-09-24
8744,Ceuta,224.96041666666667,2021-09-24
8745,Melilla,224.96041666666667,2021-09-24
8741,Península,201.80458333333334,2021-09-25
8742,Canarias,201.80458333333334,2021-09-25
8743,Baleares,201.80458333333334,2021-09-25
8744,Ceuta,201.80458333333334,2021-09-25
8745,Melilla,201.80458333333334,2021-09-25
8741,Península,197.70583333333335,2021-09-26
8742,Canarias,197.70583333333335,2021-09-26
8743,Baleares,197.70583333333335,2021-09-26
8744,Ceuta,197.70583333333335,2021-09-26
8745,Melilla,197.70583333333335,2021-09-26
8741,Península,227.43666666666667,2021-09-27
8742,Canarias,227.43666666666667,2021-09-27
8743,Baleares,227.43666666666667,2021-09-27
8744,Ceuta,227.43083333333334,2021-09-27
8745,Melilla,227.43083333333334,2021-09-27
8741,Península,235.62875,2021-09-28
8742,Canarias,235.62875,2021-09-28
8743,Baleares,235.62875,2021-09-28
8744,Ceuta,235.62833333333333,2021-09-28
8745,Melilla,235.62833333333333,2021-09-28
8741,Península,245.70625,2021-09-29
8742,Canarias,245.70625,2021-09-29
8743,Baleares,245.70625,2021-09-29
8744,Ceuta,245.72458333333333,2021-09-29
8745,Melilla,245.72458333333333,2021-09-29
8741,Península,246.1525,2021-09-30
8742,Canarias,246.1525,2021-09-30
8743,Baleares,246.1525,2021-09-30
8744,Ceuta,246.16416666666666,2021-09-30
8745,Melilla,246.16416666666666,2021-09-30
8741,Península,280.18083333333334,2021-10-01
8742,Canarias,280.18083333333334,2021-10-01
8743,Baleares,280.18083333333334,2021-10-01
8744,Ceuta,280.21166666666664,2021-10-01
8745,Melilla,280.21166666666664,2021-10-01
8741,Península,218.40125,2021-10-02
8742,Canarias,218.40125,2021-10-02
8743,Baleares,218.40125,2021-10-02
8744,Ceuta,218.40125,2021-10-02
8745,Melilla,218.40125,2021-10-02
8741,Península,151.85375,2021-10-03
8742,Canarias,151.85375,2021-10-03
8743,Baleares,151.85375,2021-10-03
8744,Ceuta,151.85375,2021-10-03
8745,Melilla,151.85375,2021-10-03
8741,Península,249.74458333333334,2021-10-04
8742,Canarias,249.74458333333334,2021-10-04
8743,Baleares,249.74458333333334,2021-10-04
8744,Ceuta,249.75208333333333,2021-10-04
8745,Melilla,249.75208333333333,2021-10-04
8741,Península,269.26208333333335,2021-10-05
8742,Canarias,269.26208333333335,2021-10-05
8743,Baleares,269.26208333333335,2021-10-05
8744,Ceuta,269.2875,2021-10-05
8745,Melilla,269.2875,2021-10-05
8741,Península,297.51416666666665,2021-10-06
8742,Canarias,297.51416666666665,2021-10-06
8743,Baleares,297.51416666666665,2021-10-06
8744,Ceuta,297.5325,2021-10-06
8745,Melilla,297.5325,2021-10-06
8741,Península,367.83916666666664,2021-10-07
8742,Canarias,367.83916666666664,2021-10-07
8743,Baleares,367.83916666666664,2021-10-07
8744,Ceuta,367.87833333333333,2021-10-07
8745,Melilla,367.87833333333333,2021-10-07
8741,Península,296.8183333333333,2021-10-08
8742,Canarias,296.8183333333333,2021-10-08
8743,Baleares,296.8183333333333,2021-10-08
8744,Ceuta,296.84541666666667,2021-10-08
8745,Melilla,296.84541666666667,2021-10-08
8741,Península,275.92375,2021-10-09
8742,Canarias,275.92375,2021-10-09
8743,Baleares,275.92375,2021-10-09
8744,Ceuta,275.92375,2021-10-09
8745,Melilla,275.92375,2021-10-09
8741,Península,226.18166666666667,2021-10-10
8742,Canarias,226.18166666666667,2021-10-10
8743,Baleares,226.18166666666667,2021-10-10
8744,Ceuta,226.18166666666667,2021-10-10
8745,Melilla,226.18166666666667,2021-10-10
8741,Península,248.43041666666667,2021-10-11
8742,Canarias,248.43041666666667,2021-10-11
8743,Baleares,248.43041666666667,2021-10-11
8744,Ceuta,248.43333333333334,2021-10-11
8745,Melilla,248.43333333333334,2021-10-11
8741,Península,232.06791666666666,2021-10-12
8742,Canarias,232.06791666666666,2021-10-12
8743,Baleares,232.06791666666666,2021-10-12
8744,Ceuta,232.06791666666666,2021-10-12
8745,Melilla,232.06791666666666,2021-10-12
8741,Península,251.04208333333332,2021-10-13
8742,Canarias,251.04208333333332,2021-10-13
8743,Baleares,251.04208333333332,2021-10-13
8744,Ceuta,251.06083333333333,2021-10-13
8745,Melilla,251.06083333333333,2021-10-13
8741,Península,281.35625,2021-10-14
8742,Canarias,281.35625,2021-10-14
8743,Baleares,281.35625,2021-10-14
8744,Ceuta,281.3858333333333,2021-10-14
8745,Melilla,281.3858333333333,2021-10-14
8741,Península,298.49333333333334,2021-10-15
8742,Canarias,298.49333333333334,2021-10-15
8743,Baleares,298.49333333333334,2021-10-15
8744,Ceuta,298.5225,2021-10-15
8745,Melilla,298.5225,2021-10-15
8741,Península,277.9483333333333,2021-10-16
8742,Canarias,277.9483333333333,2021-10-16
8743,Baleares,277.9483333333333,2021-10-16
8744,Ceuta,277.9483333333333,2021-10-16
8745,Melilla,277.9483333333333,2021-10-16
8741,Península,261.08458333333334,2021-10-17
8742,Canarias,261.08458333333334,2021-10-17
8743,Baleares,261.08458333333334,2021-10-17
8744,Ceuta,261.08458333333334,2021-10-17
8745,Melilla,261.08458333333334,2021-10-17
8741,Península,295.1166666666667,2021-10-18
8742,Canarias,295.1166666666667,2021-10-18
8743,Baleares,295.1166666666667,2021-10-18
8744,Ceuta,295.12583333333333,2021-10-18
8745,Melilla,295.12583333333333,2021-10-18
8741,Península,272.9608333333333,2021-10-19
8742,Canarias,272.9608333333333,2021-10-19
8743,Baleares,272.9608333333333,2021-10-19
8744,Ceuta,272.97791666666666,2021-10-19
8745,Melilla,272.97791666666666,2021-10-19
8741,Península,266.11541666666665,2021-10-20
8742,Canarias,266.11541666666665,2021-10-20
8743,Baleares,266.11541666666665,2021-10-20
8744,Ceuta,266.1358333333333,2021-10-20
8745,Melilla,266.1358333333333,2021-10-20
8741,Península,272.1879166666667,2021-10-21
8742,Canarias,272.1879166666667,2021-10-21
8743,Baleares,272.1879166666667,2021-10-21
8744,Ceuta,272.2129166666667,2021-10-21
8745,Melilla,272.2129166666667,2021-10-21
8741,Península,267.92083333333335,2021-10-22
8742,Canarias,267.92083333333335,2021-10-22
8743,Baleares,267.92083333333335,2021-10-22
8744,Ceuta,267.94625,2021-10-22
8745,Melilla,267.94625,2021-10-22
8741,Península,258.9075,2021-10-23
8742,Canarias,258.9075,2021-10-23
8743,Baleares,258.9075,2021-10-23
8744,Ceuta,258.9075,2021-10-23
8745,Melilla,258.9075,2021-10-23
8741,Península,264.9795833333333,2021-10-24
8742,Canarias,264.9795833333333,2021-10-24
8743,Baleares,264.9795833333333,2021-10-24
8744,Ceuta,264.9795833333333,2021-10-24
8745,Melilla,264.9795833333333,2021-10-24
8741,Península,291.25083333333333,2021-10-25
8742,Canarias,291.25083333333333,2021-10-25
8743,Baleares,291.25083333333333,2021-10-25
8744,Ceuta,291.25625,2021-10-25
8745,Melilla,291.25625,2021-10-25
8741,Península,281.00625,2021-10-26
8742,Canarias,281.00625,2021-10-26
8743,Baleares,281.00625,2021-10-26
8744,Ceuta,281.0204166666667,2021-10-26
8745,Melilla,281.0204166666667,2021-10-26
8741,Península,291.58458333333334,2021-10-27
8742,Canarias,291.58458333333334,2021-10-27
8743,Baleares,291.58458333333334,2021-10-27
8744,Ceuta,291.5991666666667,2021-10-27
8745,Melilla,291.5991666666667,2021-10-27
8741,Península,266.48125,2021-10-28
8742,Canarias,266.48125,2021-10-28
8743,Baleares,266.48125,2021-10-28
8744,Ceuta,266.49916666666667,2021-10-28
8745,Melilla,266.49916666666667,2021-10-28
8741,Península,232.56875,2021-10-29
8742,Canarias,232.56875,2021-10-29
8743,Baleares,232.56875,2021-10-29
8744,Ceuta,232.58541666666667,2021-10-29
8745,Melilla,232.58541666666667,2021-10-29
8741,Península,157.7575,2021-10-30
8742,Canarias,157.7575,2021-10-30
8743,Baleares,157.7575,2021-10-30
8744,Ceuta,157.7575,2021-10-30
8745,Melilla,157.7575,2021-10-30
8741,Península,110.3396,2021-10-31
8742,Canarias,110.3396,2021-10-31
8743,Baleares,110.3396,2021-10-31
8744,Ceuta,110.3396,2021-10-31
8745,Melilla,110.3396,2021-10-31
8741,Península,125.99583333333334,2021-11-01
8742,Canarias,125.99583333333334,2021-11-01
8743,Baleares,125.99583333333334,2021-11-01
8744,Ceuta,125.99583333333334,2021-11-01
8745,Melilla,125.99583333333334,2021-11-01
8741,Península,200.66416666666666,2021-11-02
8742,Canarias,200.66416666666666,2021-11-02
8743,Baleares,200.66416666666666,2021-11-02
8744,Ceuta,200.66583333333332,2021-11-02
8745,Melilla,200.66583333333332,2021-11-02
8741,Península,209.67458333333335,2021-11-03
8742,Canarias,209.67458333333335,2021-11-03
8743,Baleares,209.67458333333335,2021-11-03
8744,Ceuta,209.67375,2021-11-03
8745,Melilla,209.67375,2021-11-03
8741,Península,229.22541666666666,2021-11-04
8742,Canarias,229.22541666666666,2021-11-04
8743,Baleares,229.22541666666666,2021-11-04
8744,Ceuta,229.22666666666666,2021-11-04
8745,Melilla,229.22666666666666,2021-11-04
8741,Península,230.08708333333334,2021-11-05
8742,Canarias,230.08708333333334,2021-11-05
8743,Baleares,230.08708333333334,2021-11-05
8744,Ceuta,230.09083333333334,2021-11-05
8745,Melilla,230.09083333333334,2021-11-05
8741,Península,200.08541666666667,2021-11-06
8742,Canarias,200.08541666666667,2021-11-06
8743,Baleares,200.08541666666667,2021-11-06
8744,Ceuta,200.08541666666667,2021-11-06
8745,Melilla,200.08541666666667,2021-11-06
8741,Península,175.63666666666666,2021-11-07
8742,Canarias,175.63666666666666,2021-11-07
8743,Baleares,175.63666666666666,2021-11-07
8744,Ceuta,175.63666666666666,2021-11-07
8745,Melilla,175.63666666666666,2021-11-07
8741,Península,226.41958333333332,2021-11-08
8742,Canarias,226.41958333333332,2021-11-08
8743,Baleares,226.41958333333332,2021-11-08
8744,Ceuta,226.41,2021-11-08
8745,Melilla,226.41,2021-11-08
8741,Península,237.38708333333332,2021-11-09
8742,Canarias,237.38708333333332,2021-11-09
8743,Baleares,237.38708333333332,2021-11-09
8744,Ceuta,237.39458333333334,2021-11-09
8745,Melilla,237.39458333333334,2021-11-09
8741,Península,261.28375,2021-11-10
8742,Canarias,261.28375,2021-11-10
8743,Baleares,261.28375,2021-11-10
8744,Ceuta,261.29041666666666,2021-11-10
8745,Melilla,261.29041666666666,2021-11-10
8741,Península,241.86041666666668,2021-11-11
8742,Canarias,241.86041666666668,2021-11-11
8743,Baleares,241.86041666666668,2021-11-11
8744,Ceuta,241.85958333333335,2021-11-11
8745,Melilla,241.85958333333335,2021-11-11
8741,Península,244.79083333333332,2021-11-12
8742,Canarias,244.79083333333332,2021-11-12
8743,Baleares,244.79083333333332,2021-11-12
8744,Ceuta,244.79125,2021-11-12
8745,Melilla,244.79125,2021-11-12
8741,Península,224.77083333333334,2021-11-13
8742,Canarias,224.77083333333334,2021-11-13
8743,Baleares,224.77083333333334,2021-11-13
8744,Ceuta,224.77083333333334,2021-11-13
8745,Melilla,224.77083333333334,2021-11-13
8741,Península,219.1175,2021-11-14
8742,Canarias,219.1175,2021-11-14
8743,Baleares,219.1175,2021-11-14
8744,Ceuta,219.1175,2021-11-14
8745,Melilla,219.1175,2021-11-14
8741,Península,240.43291666666667,2021-11-15
8742,Canarias,240.43291666666667,2021-11-15
8743,Baleares,240.43291666666667,2021-11-15
8744,Ceuta,240.41958333333332,2021-11-15
8745,Melilla,240.41958333333332,2021-11-15
8741,Península,254.065,2021-11-16
8742,Canarias,254.065,2021-11-16
8743,Baleares,254.065,2021-11-16
8744,Ceuta,254.06583333333333,2021-11-16
8745,Melilla,254.06583333333333,2021-11-16
8741,Península,259.3804166666667,2021-11-17
8742,Canarias,259.3804166666667,2021-11-17
8743,Baleares,259.3804166666667,2021-11-17
8744,Ceuta,259.3829166666667,2021-11-17
8745,Melilla,259.3829166666667,2021-11-17
8741,Península,296.66333333333336,2021-11-18
8742,Canarias,296.66333333333336,2021-11-18
8743,Baleares,296.66333333333336,2021-11-18
8744,Ceuta,296.67041666666665,2021-11-18
8745,Melilla,296.67041666666665,2021-11-18
8741,Península,297.39125,2021-11-19
8742,Canarias,297.39125,2021-11-19
8743,Baleares,297.39125,2021-11-19
8744,Ceuta,297.39625,2021-11-19
8745,Melilla,297.39625,2021-11-19
8741,Península,272.26208333333335,2021-11-20
8742,Canarias,272.26208333333335,2021-11-20
8743,Baleares,272.26208333333335,2021-11-20
8744,Ceuta,272.26208333333335,2021-11-20
8745,Melilla,272.26208333333335,2021-11-20
8741,Península,284.61083333333335,2021-11-21
8742,Canarias,284.61083333333335,2021-11-21
8743,Baleares,284.61083333333335,2021-11-21
8744,Ceuta,284.61083333333335,2021-11-21
8745,Melilla,284.61083333333335,2021-11-21
8741,Península,304.68125,2021-11-22
8742,Canarias,304.68125,2021-11-22
8743,Baleares,304.68125,2021-11-22
8744,Ceuta,304.66625,2021-11-22
8745,Melilla,304.66625,2021-11-22
8741,Península,291.26208333333335,2021-11-23
8742,Canarias,291.26208333333335,2021-11-23
8743,Baleares,291.26208333333335,2021-11-23
8744,Ceuta,291.27,2021-11-23
8745,Melilla,291.27,2021-11-23
8741,Península,291.565,2021-11-24
8742,Canarias,291.565,2021-11-24
8743,Baleares,291.565,2021-11-24
8744,Ceuta,291.5683333333333,2021-11-24
8745,Melilla,291.5683333333333,2021-11-24
8741,Península,296.10291666666666,2021-11-25
8742,Canarias,296.10291666666666,2021-11-25
8743,Baleares,296.10291666666666,2021-11-25
8744,Ceuta,296.1075,2021-11-25
8745,Melilla,296.1075,2021-11-25
8741,Península,295.09458333333333,2021-11-26
8742,Canarias,295.09458333333333,2021-11-26
8743,Baleares,295.09458333333333,2021-11-26
8744,Ceuta,295.09708333333333,2021-11-26
8745,Melilla,295.09708333333333,2021-11-26
8741,Península,254.70125,2021-11-27
8742,Canarias,254.70125,2021-11-27
8743,Baleares,254.70125,2021-11-27
8744,Ceuta,254.70125,2021-11-27
8745,Melilla,254.70125,2021-11-27
8741,Península,253.74583333333334,2021-11-28
8742,Canarias,253.74583333333334,2021-11-28
8743,Baleares,253.74583333333334,2021-11-28
8744,Ceuta,253.74583333333334,2021-11-28
8745,Melilla,253.74583333333334,2021-11-28
8741,Península,279.9820833333333,2021-11-29
8742,Canarias,279.9820833333333,2021-11-29
8743,Baleares,279.9820833333333,2021-11-29
8744,Ceuta,279.97208333333333,2021-11-29
8745,Melilla,279.97208333333333,2021-11-29
8741,Península,349.12875,2021-11-30
8742,Canarias,349.12875,2021-11-30
8743,Baleares,349.12875,2021-11-30
8744,Ceuta,349.13416666666666,2021-11-30
8745,Melilla,349.13416666666666,2021-11-30
8741,Península,323.11541666666665,2021-12-01
8742,Canarias,323.11541666666665,2021-12-01
8743,Baleares,323.11541666666665,2021-12-01
8744,Ceuta,323.11875,2021-12-01
8745,Melilla,323.11875,2021-12-01
8741,Península,293.4608333333333,2021-12-02
8742,Canarias,293.4608333333333,2021-12-02
8743,Baleares,293.4608333333333,2021-12-02
8744,Ceuta,293.4529166666667,2021-12-02
8745,Melilla,293.4529166666667,2021-12-02
8741,Península,298.26,2021-12-03
8742,Canarias,298.26,2021-12-03
8743,Baleares,298.26,2021-12-03
8744,Ceuta,298.2583333333333,2021-12-03
8745,Melilla,298.2583333333333,2021-12-03
8741,Península,278.0733333333333,2021-12-04
8742,Canarias,278.0733333333333,2021-12-04
8743,Baleares,278.0733333333333,2021-12-04
8744,Ceuta,278.0733333333333,2021-12-04
8745,Melilla,278.0733333333333,2021-12-04
8741,Península,139.1425,2021-12-05
8742,Canarias,139.1425,2021-12-05
8743,Baleares,139.1425,2021-12-05
8744,Ceuta,139.1425,2021-12-05
8745,Melilla,139.1425,2021-12-05
8741,Península,264.665,2021-12-06
8742,Canarias,264.665,2021-12-06
8743,Baleares,264.665,2021-12-06
8744,Ceuta,264.665,2021-12-06
8745,Melilla,264.665,2021-12-06
8741,Península,280.94166666666666,2021-12-07
8742,Canarias,280.94166666666666,2021-12-07
8743,Baleares,280.94166666666666,2021-12-07
8744,Ceuta,280.9429166666667,2021-12-07
8745,Melilla,280.9429166666667,2021-12-07
8741,Península,146.95458333333335,2021-12-08
8742,Canarias,146.95458333333335,2021-12-08
8743,Baleares,146.95458333333335,2021-12-08
8744,Ceuta,146.95458333333335,2021-12-08
8745,Melilla,146.95458333333335,2021-12-08
8741,Península,289.88666666666666,2021-12-09
8742,Canarias,289.88666666666666,2021-12-09
8743,Baleares,289.88666666666666,2021-12-09
8744,Ceuta,289.87708333333336,2021-12-09
8745,Melilla,289.87708333333336,2021-12-09
8741,Península,279.63458333333335,2021-12-10
8742,Canarias,279.63458333333335,2021-12-10
8743,Baleares,279.63458333333335,2021-12-10
8744,Ceuta,279.63708333333335,2021-12-10
8745,Melilla,279.63708333333335,2021-12-10
8741,Península,301.79125,2021-12-11
8742,Canarias,301.79125,2021-12-11
8743,Baleares,301.79125,2021-12-11
8744,Ceuta,301.79125,2021-12-11
8745,Melilla,301.79125,2021-12-11
8741,Península,326.94125,2021-12-12
8742,Canarias,326.94125,2021-12-12
8743,Baleares,326.94125,2021-12-12
8744,Ceuta,326.94125,2021-12-12
8745,Melilla,326.94125,2021-12-12
8741,Península,351.2575,2021-12-13
8742,Canarias,351.2575,2021-12-13
8743,Baleares,351.2575,2021-12-13
8744,Ceuta,351.2654166666667,2021-12-13
8745,Melilla,351.2654166666667,2021-12-13
8741,Península,370.90833333333336,2021-12-14
8742,Canarias,370.90833333333336,2021-12-14
8743,Baleares,370.90833333333336,2021-12-14
8744,Ceuta,370.9170833333333,2021-12-14
8745,Melilla,370.9170833333333,2021-12-14
8741,Península,376.75958333333335,2021-12-15
8742,Canarias,376.75958333333335,2021-12-15
8743,Baleares,376.75958333333335,2021-12-15
8744,Ceuta,376.7679166666667,2021-12-15
8745,Melilla,376.7679166666667,2021-12-15
8741,Península,391.44666666666666,2021-12-16
8742,Canarias,391.44666666666666,2021-12-16
8743,Baleares,391.44666666666666,2021-12-16
8744,Ceuta,391.4379166666667,2021-12-16
8745,Melilla,391.4379166666667,2021-12-16
8741,Península,398.42041666666665,2021-12-17
8742,Canarias,398.42041666666665,2021-12-17
8743,Baleares,398.42041666666665,2021-12-17
8744,Ceuta,398.4275,2021-12-17
8745,Melilla,398.4275,2021-12-17
8741,Península,381.89458333333334,2021-12-18
8742,Canarias,381.89458333333334,2021-12-18
8743,Baleares,381.89458333333334,2021-12-18
8744,Ceuta,381.89458333333334,2021-12-18
8745,Melilla,381.89458333333334,2021-12-18
8741,Península,402.5316666666667,2021-12-19
8742,Canarias,402.5316666666667,2021-12-19
8743,Baleares,402.5316666666667,2021-12-19
8744,Ceuta,402.5316666666667,2021-12-19
8745,Melilla,402.5316666666667,2021-12-19
8741,Península,438.49,2021-12-20
8742,Canarias,438.49,2021-12-20
8743,Baleares,438.49,2021-12-20
8744,Ceuta,438.50333333333333,2021-12-20
8745,Melilla,438.50333333333333,2021-12-20
8741,Península,418.99833333333333,2021-12-21
8742,Canarias,418.99833333333333,2021-12-21
8743,Baleares,418.99833333333333,2021-12-21
8744,Ceuta,419.00916666666666,2021-12-21
8745,Melilla,419.00916666666666,2021-12-21
8741,Península,460.21708333333333,2021-12-22
8742,Canarias,460.21708333333333,2021-12-22
8743,Baleares,460.21708333333333,2021-12-22
8744,Ceuta,460.225,2021-12-22
8745,Melilla,460.225,2021-12-22
8741,Península,491.9525,2021-12-23
8742,Canarias,491.9525,2021-12-23
8743,Baleares,491.9525,2021-12-23
8744,Ceuta,491.9504166666667,2021-12-23
8745,Melilla,491.9504166666667,2021-12-23
8741,Península,402.4725,2021-12-24
8742,Canarias,402.4725,2021-12-24
8743,Baleares,402.4725,2021-12-24
8744,Ceuta,402.4683333333333,2021-12-24
8745,Melilla,402.4683333333333,2021-12-24
8741,Península,294.51708333333335,2021-12-25
8742,Canarias,294.51708333333335,2021-12-25
8743,Baleares,294.51708333333335,2021-12-25
8744,Ceuta,294.51708333333335,2021-12-25
8745,Melilla,294.51708333333335,2021-12-25
8741,Península,246.94916666666666,2021-12-26
8742,Canarias,246.94916666666666,2021-12-26
8743,Baleares,246.94916666666666,2021-12-26
8744,Ceuta,246.94916666666666,2021-12-26
8745,Melilla,246.94916666666666,2021-12-26
8741,Península,152.59541666666667,2021-12-27
8742,Canarias,152.59541666666667,2021-12-27
8743,Baleares,152.59541666666667,2021-12-27
8744,Ceuta,152.57666666666665,2021-12-27
8745,Melilla,152.57666666666665,2021-12-27
8741,Península,155.14958333333334,2021-12-28
8742,Canarias,155.14958333333334,2021-12-28
8743,Baleares,155.14958333333334,2021-12-28
8744,Ceuta,155.14916666666667,2021-12-28
8745,Melilla,155.14916666666667,2021-12-28
8741,Península,247.7475,2021-12-29
8742,Canarias,247.7475,2021-12-29
8743,Baleares,247.7475,2021-12-29
8744,Ceuta,247.75708333333333,2021-12-29
8745,Melilla,247.75708333333333,2021-12-29
8741,Península,272.94416666666666,2021-12-30
8742,Canarias,272.94416666666666,2021-12-30
8743,Baleares,272.94416666666666,2021-12-30
8744,Ceuta,272.93666666666667,2021-12-30
8745,Melilla,272.93666666666667,2021-12-30
8741,Península,202.92708333333334,2021-12-31
8742,Canarias,202.92708333333334,2021-12-31
8743,Baleares,202.92708333333334,2021-12-31
8744,Ceuta,202.92625,2021-12-31
8745,Melilla,202.92625,2021-12-31
8741,Península,178.27291666666667,2022-01-01
8742,Canarias,178.27291666666667,2022-01-01
8743,Baleares,178.27291666666667,2022-01-01
8744,Ceuta,178.27291666666667,2022-01-01
8745,Melilla,178.27291666666667,2022-01-01
8741,Península,187.08333333333334,2022-01-02
8742,Canarias,187.08333333333334,2022-01-02
8743,Baleares,187.08333333333334,2022-01-02
8744,Ceuta,187.08333333333334,2022-01-02
8745,Melilla,187.08333333333334,2022-01-02
8741,Península,236.62625,2022-01-03
8742,Canarias,236.62625,2022-01-03
8743,Baleares,236.62625,2022-01-03
8744,Ceuta,236.62166666666667,2022-01-03
8745,Melilla,236.62166666666667,2022-01-03
8741,Península,239.99208333333334,2022-01-04
8742,Canarias,239.99208333333334,2022-01-04
8743,Baleares,239.99208333333334,2022-01-04
8744,Ceuta,239.99375,2022-01-04
8745,Melilla,239.99375,2022-01-04
